{
    "prepare_queue": {
        "installed": [],
        "uninstalled": []
    },
    "config_munge": {
        "files": {
            "res/xml/config.xml": {
                "parents": {
                    "/*": [
                        {
                            "xml": "<feature name=\"Whitelist\"><param name=\"android-package\" value=\"org.apache.cordova.whitelist.WhitelistPlugin\" /><param name=\"onload\" value=\"true\" /></feature>",
                            "count": 1
                        },
                        {
                            "xml": "<feature name=\"Toast\"><param name=\"android-package\" value=\"nl.xservices.plugins.Toast\" /></feature>",
                            "count": 1
                        }
                    ]
                }
            },
            "config.xml": {
                "parents": {
                    "/*": [
                        {
                            "xml": "<feature name=\"ClipboardManagerPlugin\"><param name=\"android-package\" value=\"com.saatcioglu.phonegap.ClipboardManagerPlugin.ClipboardManagerPlugin\" /></feature>",
                            "count": 1
                        }
                    ]
                }
            }
        }
    },
    "installed_plugins": {
        "cordova-plugin-whitelist": {
            "PACKAGE_NAME": "io.cordova.hellocordova"
        },
        "cordova-plugin-x-toast": {
            "PACKAGE_NAME": "io.cordova.hellocordova"
        },
        "com.saatcioglu.phonegap.ClipboardManagerPlugin": {
            "PACKAGE_NAME": "io.cordova.hellocordova"
        }
    },
    "dependent_plugins": {},
    "modules": [
        {
            "file": "plugins/cordova-plugin-x-toast/www/Toast.js",
            "id": "cordova-plugin-x-toast.Toast",
            "clobbers": [
                "window.plugins.toast"
            ]
        },
        {
            "file": "plugins/cordova-plugin-x-toast/test/tests.js",
            "id": "cordova-plugin-x-toast.tests"
        },
        {
            "file": "plugins/com.saatcioglu.phonegap.ClipboardManagerPlugin/www/clipboard.js",
            "id": "com.saatcioglu.phonegap.ClipboardManagerPlugin.ClipboardManagerPlugin",
            "clobbers": [
                "clipboard"
            ]
        }
    ],
    "plugin_metadata": {
        "cordova-plugin-whitelist": "1.2.2",
        "cordova-plugin-x-toast": "2.5.0",
        "com.saatcioglu.phonegap.ClipboardManagerPlugin": "1.0"
    }
}