<?xml version="1.0" encoding="UTF-8"?>
<beans xmlns="http://www.springframework.org/schema/beans" xmlns:xsi="http://www.w3.org/2001/XMLSchema-instance" xmlns:aop="http://www.springframework.org/schema/aop" xmlns:context="http://www.springframework.org/schema/context"
	xmlns:util="http://www.springframework.org/schema/util" xmlns:mybatis-spring="http://mybatis.org/schema/mybatis-spring" xmlns:tx="http://www.springframework.org/schema/tx" xmlns:p="http://www.springframework.org/schema/p"
	xmlns:cache="http://www.springframework.org/schema/cache" xmlns:task="http://www.springframework.org/schema/task"
	xsi:schemaLocation="http://www.springframework.org/schema/cache http://www.springframework.org/schema/cache/spring-cache-4.1.xsd
		http://mybatis.org/schema/mybatis-spring http://mybatis.org/schema/mybatis-spring-1.2.xsd
		http://www.springframework.org/schema/task http://www.springframework.org/schema/task/spring-task-4.1.xsd
		http://www.springframework.org/schema/beans http://www.springframework.org/schema/beans/spring-beans.xsd
		http://www.springframework.org/schema/context http://www.springframework.org/schema/context/spring-context-4.1.xsd
		http://www.springframework.org/schema/aop http://www.springframework.org/schema/aop/spring-aop-4.1.xsd
		http://www.springframework.org/schema/tx http://www.springframework.org/schema/tx/spring-tx-4.1.xsd
		http://www.springframework.org/schema/util http://www.springframework.org/schema/util/spring-util-4.1.xsd">

	<!-- Root Context: defines shared resources visible to all other web components -->
	<context:component-scan base-package="com.pk10.dao" />
	<context:component-scan base-package="com.pk10.service" />
	<context:component-scan base-package="com.pk10.util" />
	<context:annotation-config />

	<context:property-placeholder location="classpath*:conf/*.properties" />

	<bean id="dataSource" class="com.mchange.v2.c3p0.ComboPooledDataSource">
		<property name="driverClass" value="${jdbc.driverClassName}" />
		<property name="jdbcUrl" value="${jdbc.url}" />
		<property name="user" value="${jdbc.username}" />
		<property name="password" value="${jdbc.password}" />
		<property name="maxPoolSize" value="50" />
		<property name="minPoolSize" value="5" />
		<property name="initialPoolSize" value="5" />
		<!--当连接池中的连接耗尽的时候c3p0一次同时获取的连接数。Default: 3 -->
		<property name="acquireIncrement" value="5"></property>
		<!--定义在从数据库获取新连接失败后重复尝试的次数。Default: 30 -->
		<property name="acquireRetryAttempts" value="30"></property>
		<!--两次连接中间隔时间，单位毫秒。Default: 1000 -->
		<property name="acquireRetryDelay" value="1000"></property>
		<!--连接关闭时默认将所有未提交的操作回滚。Default: false -->
		<property name="autoCommitOnClose" value="false"></property>
		<!--c3p0将建一张名为Test的空表，并使用其自带的查询语句进行测试。如果定义了这个参数那么 属性preferredTestQuery将被忽略。你不能在这张Test表上进行任何操作，它将只供c3p0测试 使用。Default: null -->
		<property name="automaticTestTable" value="Test"></property>
		<!--获取连接失败将会引起所有等待连接池来获取连接的线程抛出异常。但是数据源仍有效 保留，并在下次调用getConnection()的时候继续尝试获取连接。如果设为true，那么在尝试 获取连接失败后该数据源将申明已断开并永久关闭。Default: false -->
		<property name="breakAfterAcquireFailure" value="false"></property>
		<!--当连接池用完时客户端调用getConnection()后等待获取新连接的时间，超时后将抛出 SQLException,如设为0则无限期等待。单位毫秒。Default: 0 -->
		<!-- <property name="checkoutTimeout"> <value>100</value> </property> -->
		<!--每60秒检查所有连接池中的空闲连接。Default: 0 -->
		<property name="idleConnectionTestPeriod" value="60"></property>
		<!--最大空闲时间,60秒内未使用则连接被丢弃。若为0则永不丢弃。Default: 0 -->
		<property name="maxIdleTime" value="1800"></property>
		<!--c3p0是异步操作的，缓慢的JDBC操作通过帮助进程完成。扩展这些操作可以有效的提升性能 通过多线程实现多个操作同时被执行。Default: 3 -->
		<property name="numHelperThreads" value="3"></property>
		<!--定义所有连接测试都执行的测试语句。在使用连接测试的情况下这个一显著提高测试速度。注意： 测试的表必须在初始数据源的时候就存在。Default: null -->
		<property name="preferredTestQuery">
			<value>select 1</value>
		</property>
		<!--用户修改系统配置参数执行前最多等待300秒。Default: 300 -->
		<property name="propertyCycle" value="300"></property>
		<!--因性能消耗大请只在需要的时候使用它。如果设为true那么在每个connection提交的 时候都将校验其有效性。建议使用idleConnectionTestPeriod或automaticTestTable 等方法来提升连接测试的性能。Default: false -->
		<property name="testConnectionOnCheckout" value="false"></property>
		<!--如果设为true那么在取得连接的同时将校验连接的有效性。Default: false -->
		<property name="testConnectionOnCheckin" value="true"></property>
	</bean>

	<bean id="sqlSessionFactory" class="org.mybatis.spring.SqlSessionFactoryBean">
		<!--dataSource属性指定要用到的连接池 -->
		<property name="dataSource" ref="dataSource" />
		<!--configLocation属性指定mybatis的核心配置文件 -->
		<property name="configLocation" value="classpath:mybatis-config.xml" />
		<property name="mapperLocations" value="classpath:com/pk10/mapper/*.xml" />
		<property name="plugins">
			<array>
				<bean class="com.github.pagehelper.PageHelper">
					<property name="properties">
						<value> dialect=mysql</value>
					</property>
				</bean>
			</array>
		</property>
	</bean>
	<bean id="sqlSessionTemplate" class="org.mybatis.spring.SqlSessionTemplate">
		<constructor-arg index="0" ref="sqlSessionFactory" />
		<!-- <constructor-arg index="1" value="BATCH" /> -->
	</bean>
	<bean class="org.mybatis.spring.mapper.MapperScannerConfigurer">
		<property name="basePackage" value="com.pk10.dao" />
	</bean>

	<bean id="transactionManager" class="org.springframework.jdbc.datasource.DataSourceTransactionManager">
		<property name="dataSource" ref="dataSource"></property>
	</bean>

	<tx:advice id="txAdvice" transaction-manager="transactionManager">
		<tx:attributes>
			<tx:method name="insert*" propagation="REQUIRED" />
			<tx:method name="update*" propagation="REQUIRED" />
			<tx:method name="delete*" propagation="REQUIRED" />
			<tx:method name="save*" propagation="REQUIRED" />
		</tx:attributes>
	</tx:advice>

	<aop:config>
		<aop:pointcut expression="execution(* com.pk10.service.*.*(..))" id="pointcut" />
		<aop:advisor advice-ref="txAdvice" pointcut-ref="pointcut" />
	</aop:config>

	<bean id="tokenConfig" class="com.pk10.bean.TokenConfig">
		<property name="tokenUrl" value="${tokenurl}"></property>
		<property name="appID" value="${appid}"></property>
		<property name="appsecret" value="${appsecret}"></property>
		<property name="lotteryTime" value="${lotteryTime}"></property>
		<property name="money" value="${money}"></property>
		<property name="numberOdd" value="${numberOdd}"></property>
		<property name="singleOdd" value="${singleOdd}"></property>
		<property name="bigOdd" value="${bigOdd}"></property>
	</bean>
	<bean id="createBonus" class="com.pk10.util.CreateBonus" scope="singleton"></bean>

	<bean id="resultCollector" class="com.pk10.util.ResultCollector">
		<property name="url" value="${pk10url}"></property>
	</bean>
	<task:scheduled-tasks scheduler="resultcollector">
		<!-- 每天九点零八分-23去收集新的开奖结果 -->
		<!-- <task:scheduled ref="createBonus" method="getTokenAccess" fixed-delay="7000000" /> -->
		<task:scheduled ref="createBonus" method="run" cron="* * * * * *" />
		<task:scheduled ref="resultCollector" method="collector" cron="3 8/5 9-23 * * *" />
	</task:scheduled-tasks>
	<task:scheduler id="resultcollector" pool-size="10" />
</beans>
