<?xml version="1.0" encoding="UTF-8"?>
<beans:beans xmlns="http://www.springframework.org/schema/mvc" xmlns:xsi="http://www.w3.org/2001/XMLSchema-instance" xmlns:beans="http://www.springframework.org/schema/beans"
	xmlns:context="http://www.springframework.org/schema/context" xmlns:mvc="http://www.springframework.org/schema/mvc"
	xsi:schemaLocation="http://www.springframework.org/schema/beans
        http://www.springframework.org/schema/beans/spring-beans.xsd
        http://www.springframework.org/schema/context
        http://www.springframework.org/schema/context/spring-context.xsd
        http://www.springframework.org/schema/mvc
        http://www.springframework.org/schema/mvc/spring-mvc.xsd">

	<!-- DispatcherServlet Context: defines this servlet's request-processing infrastructure -->
	<mvc:annotation-driven>
		<mvc:message-converters>
			<beans:ref bean="stringHttpMessageConverter" />
			<!-- <beans:ref bean="fastJsonHttpMessageConverter" /> --><!-- <ref bean="marshallingHttpMessageConverter" /> -->
			<beans:ref bean="jacksonHttpMessageConverter" />
		</mvc:message-converters>
	</mvc:annotation-driven>

	<beans:bean id="stringHttpMessageConverter" class="org.springframework.http.converter.StringHttpMessageConverter">
		<beans:constructor-arg value="UTF-8" index="0"></beans:constructor-arg><!-- 避免出现乱码 -->
		<beans:property name="supportedMediaTypes">
			<beans:list>
				<beans:value>text/plain;charset=UTF-8</beans:value>
			</beans:list>
		</beans:property>
	</beans:bean>

	<!-- <beans:bean id="fastJsonHttpMessageConverter" class="com.alibaba.fastjson.support.spring.FastJsonHttpMessageConverter"> <beans:property name="supportedMediaTypes"> <beans:list> <beans:value>application/json;charset=UTF-8</beans:value> 
		<beans:value>text/html;charset=UTF-8</beans:value>避免IE出现下载JSON文件的情况 </beans:list> </beans:property> </beans:bean> -->
	<beans:bean id="jacksonHttpMessageConverter" class="org.springframework.http.converter.json.MappingJackson2HttpMessageConverter">
		<beans:property name="supportedMediaTypes">
			<beans:list>
				<beans:value>application/json;charset=UTF-8</beans:value>
				<beans:value>text/html;charset=UTF-8</beans:value><!-- 避免IE出现下载JSON文件的情况 -->
			</beans:list>
		</beans:property>
	</beans:bean>
	<!-- Enables the Spring MVC @Controller programming model -->
	<annotation-driven />

	<context:component-scan base-package="com.pk10.control" />
	<!-- Handles HTTP GET requests for /resources/** by efficiently serving up static resources in the ${webappRoot}/resources directory -->
	<!-- <resources mapping="/resources/**" location="/resources/" /> <resources mapping="/**" location="/" /> -->
	<mvc:default-servlet-handler />
	<!-- Resolves views selected for rendering by @Controllers to .jsp resources in the /WEB-INF/views directory -->
	<beans:bean class="org.springframework.web.servlet.view.InternalResourceViewResolver">
		<beans:property name="prefix" value="/WEB-INF/" />
		<beans:property name="suffix" value=".jsp" />
	</beans:bean>

</beans:beans>
