<?xml version="1.0" encoding="UTF-8" ?>
<!DOCTYPE mapper PUBLIC "-//mybatis.org//DTD Mapper 3.0//EN" "http://mybatis.org/dtd/mybatis-3-mapper.dtd" >
<mapper namespace="com.pk10.dao.GivenMoneyRecordDao">
    <resultMap id="BaseResultMap" type="com.pk10.bean.GivenMoneyRecord">
        <result column="id" property="id"/>
        <result column="current_username" property="currentUsername"/>
        <result column="opposing_username" property="opposingUsername"/>
        <result column="current_money" property="currentMoney"/>
        <result column="opposing_money" property="opposingMoney"/>
        <result column="given_money" property="givenMoney"/>
        <result column="time" property="time" javaType="java.util.Date"/>
    </resultMap>

    <insert id="save" parameterType="com.pk10.bean.GivenMoneyRecord">
        INSERT INTO givenmoneyrecord(current_username, opposing_username, given_money, time,
         current_money, opposing_money)
        VALUE (#{currentUsername}, #{opposingUsername}, #{givenMoney}, #{time}, #{currentMoney}, #{opposingMoney})
    </insert>
    <select id="getGivenMoneyList" resultMap="BaseResultMap">
        SELECT * FROM givenmoneyrecord WHERE
        time between #{startTime} and #{endTime}
        and (current_username=#{curUsername} or opposing_username=#{curUsername})

    </select>
    <select id="findByBetweenTime" resultMap="BaseResultMap">
        SELECT * FROM givenmoneyrecord WHERE
        time between #{startTime} and #{endTime}
    </select>
    <select id="findAll" resultMap="BaseResultMap">
        SELECT * FROM givenmoneyrecord ORDER BY time DESC
    </select>
    <select id="getGivenMoneyRecordByUserId" resultMap="BaseResultMap">
        SELECT * FROM givenmoneyrecord WHERE id=#{id}
    </select>
</mapper>