<?xml version="1.0" encoding="UTF-8" ?>
<!DOCTYPE mapper PUBLIC "-//mybatis.org//DTD Mapper 3.0//EN" "http://mybatis.org/dtd/mybatis-3-mapper.dtd" >
<mapper namespace="com.pk10.dao.MoneyAddRecordMapper" >
  <resultMap id="BaseResultMap" type="com.pk10.bean.MoneyAddRecord" >
    <id column="id" property="id" jdbcType="INTEGER" />
    <result column="user_id" property="userId" jdbcType="INTEGER" />
    <result column="add_time" property="addTime" jdbcType="TIMESTAMP" />
    <result column="add_money" property="addMoney" jdbcType="DOUBLE" />
    <result column="add_agent_name" property="addAgentName" jdbcType="VARCHAR" />
    <result column="add_agent_id" property="addAgentId" jdbcType="INTEGER" />
    <result column="user_name" property="userName" jdbcType="VARCHAR" />
    <result column="balance" property="balance" jdbcType="INTEGER" />
  </resultMap>
  <sql id="Example_Where_Clause" >
    <where >
      <foreach collection="oredCriteria" item="criteria" separator="or" >
        <if test="criteria.valid" >
          <trim prefix="(" suffix=")" prefixOverrides="and" >
            <foreach collection="criteria.criteria" item="criterion" >
              <choose >
                <when test="criterion.noValue" >
                  and ${criterion.condition}
                </when>
                <when test="criterion.singleValue" >
                  and ${criterion.condition} #{criterion.value}
                </when>
                <when test="criterion.betweenValue" >
                  and ${criterion.condition} #{criterion.value} and #{criterion.secondValue}
                </when>
                <when test="criterion.listValue" >
                  and ${criterion.condition}
                  <foreach collection="criterion.value" item="listItem" open="(" close=")" separator="," >
                    #{listItem}
                  </foreach>
                </when>
              </choose>
            </foreach>
          </trim>
        </if>
      </foreach>
    </where>
  </sql>
  <sql id="Update_By_Example_Where_Clause" >
    <where >
      <foreach collection="example.oredCriteria" item="criteria" separator="or" >
        <if test="criteria.valid" >
          <trim prefix="(" suffix=")" prefixOverrides="and" >
            <foreach collection="criteria.criteria" item="criterion" >
              <choose >
                <when test="criterion.noValue" >
                  and ${criterion.condition}
                </when>
                <when test="criterion.singleValue" >
                  and ${criterion.condition} #{criterion.value}
                </when>
                <when test="criterion.betweenValue" >
                  and ${criterion.condition} #{criterion.value} and #{criterion.secondValue}
                </when>
                <when test="criterion.listValue" >
                  and ${criterion.condition}
                  <foreach collection="criterion.value" item="listItem" open="(" close=")" separator="," >
                    #{listItem}
                  </foreach>
                </when>
              </choose>
            </foreach>
          </trim>
        </if>
      </foreach>
    </where>
  </sql>
  <sql id="Base_Column_List" >
    id, user_id, add_time, add_money, add_agent_name, add_agent_id,user_name
  </sql>
  <select id="selectByExample" resultMap="BaseResultMap" parameterType="com.pk10.bean.MoneyAddRecordExample" >
    select
    <if test="distinct" >
      distinct
    </if>
    <include refid="Base_Column_List" />
    from money_add_record
    <if test="_parameter != null" >
      <include refid="Example_Where_Clause" />
    </if>
    <if test="orderByClause != null" >
      order by ${orderByClause}
    </if>
    <if test="limit != null" >
      <if test="offset != null" >
        limit ${offset}, ${limit}
      </if>
      <if test="offset == null" >
        limit ${limit}
      </if>
    </if>
  </select>
  <select id="selectByPrimaryKey" resultMap="BaseResultMap" parameterType="java.lang.Integer" >
    select 
    <include refid="Base_Column_List" />
    from money_add_record
    where id = #{id,jdbcType=INTEGER} ORDER BY add_time desc
  </select>

  <select id="selectAll" resultMap="BaseResultMap">
    select
    <include refid="Base_Column_List" />
    from money_add_record ORDER BY add_time desc
  </select>

  <select id="selectByUserId" resultMap="BaseResultMap" parameterType="java.lang.Integer" >
    select
    <include refid="Base_Column_List" />
    from money_add_record
    where user_id = #{userId,jdbcType=INTEGER} ORDER BY add_time desc
  </select>

  <delete id="deleteByPrimaryKey" parameterType="java.lang.Integer" >
    delete from money_add_record
    where id = #{id,jdbcType=INTEGER}
  </delete>
  <delete id="deleteByExample" parameterType="com.pk10.bean.MoneyAddRecordExample" >
    delete from money_add_record
    <if test="_parameter != null" >
      <include refid="Example_Where_Clause" />
    </if>
  </delete>
  <insert id="insert" parameterType="com.pk10.bean.MoneyAddRecord" >
    insert into money_add_record (id, user_id, add_time, 
      add_money, add_agent_name, add_agent_id,user_name
      )
    values (#{id,jdbcType=INTEGER}, #{userId,jdbcType=INTEGER}, #{addTime,jdbcType=TIMESTAMP}, 
      #{addMoney,jdbcType=DOUBLE}, #{addAgentName,jdbcType=VARCHAR}, #{addAgentId,jdbcType=INTEGER}, #{userName,jdbcType=VARCHAR}
      )
  </insert>
  <insert id="insertSelective" parameterType="com.pk10.bean.MoneyAddRecord" >
    insert into money_add_record
    <trim prefix="(" suffix=")" suffixOverrides="," >
      <if test="id != null" >
        id,
      </if>
      <if test="userId != null" >
        user_id,
      </if>
      <if test="addTime != null" >
        add_time,
      </if>
      <if test="addMoney != null" >
        add_money,
      </if>
      <if test="addAgentName != null" >
        add_agent_name,
      </if>
      <if test="addAgentId != null" >
        add_agent_id,
      </if>
    </trim>
    <trim prefix="values (" suffix=")" suffixOverrides="," >
      <if test="id != null" >
        #{id,jdbcType=INTEGER},
      </if>
      <if test="userId != null" >
        #{userId,jdbcType=INTEGER},
      </if>
      <if test="addTime != null" >
        #{addTime,jdbcType=TIMESTAMP},
      </if>
      <if test="addMoney != null" >
        #{addMoney,jdbcType=DOUBLE},
      </if>
      <if test="addAgentName != null" >
        #{addAgentName,jdbcType=VARCHAR},
      </if>
      <if test="addAgentId != null" >
        #{addAgentId,jdbcType=INTEGER},
      </if>
    </trim>
  </insert>
  <select id="countByExample" parameterType="com.pk10.bean.MoneyAddRecordExample" resultType="java.lang.Integer" >
    select count(*) from money_add_record
    <if test="_parameter != null" >
      <include refid="Example_Where_Clause" />
    </if>
  </select>
  <update id="updateByExampleSelective" parameterType="map" >
    update money_add_record
    <set >
      <if test="record.id != null" >
        id = #{record.id,jdbcType=INTEGER},
      </if>
      <if test="record.userId != null" >
        user_id = #{record.userId,jdbcType=INTEGER},
      </if>
      <if test="record.addTime != null" >
        add_time = #{record.addTime,jdbcType=TIMESTAMP},
      </if>
      <if test="record.addMoney != null" >
        add_money = #{record.addMoney,jdbcType=DOUBLE},
      </if>
      <if test="record.addAgentName != null" >
        add_agent_name = #{record.addAgentName,jdbcType=VARCHAR},
      </if>
      <if test="record.addAgentId != null" >
        add_agent_id = #{record.addAgentId,jdbcType=INTEGER},
      </if>
    </set>
    <if test="_parameter != null" >
      <include refid="Update_By_Example_Where_Clause" />
    </if>
  </update>
  <update id="updateByExample" parameterType="map" >
    update money_add_record
    set id = #{record.id,jdbcType=INTEGER},
      user_id = #{record.userId,jdbcType=INTEGER},
      add_time = #{record.addTime,jdbcType=TIMESTAMP},
      add_money = #{record.addMoney,jdbcType=DOUBLE},
      add_agent_name = #{record.addAgentName,jdbcType=VARCHAR},
      add_agent_id = #{record.addAgentId,jdbcType=INTEGER},
      user_name = #{record.userName,jdbcType=VARCHAR}
    <if test="_parameter != null" >
      <include refid="Update_By_Example_Where_Clause" />
    </if>
  </update>
  <update id="updateByPrimaryKeySelective" parameterType="com.pk10.bean.MoneyAddRecord" >
    update money_add_record
    <set >
      <if test="userId != null" >
        user_id = #{userId,jdbcType=INTEGER},
      </if>
      <if test="addTime != null" >
        add_time = #{addTime,jdbcType=TIMESTAMP},
      </if>
      <if test="addMoney != null" >
        add_money = #{addMoney,jdbcType=DOUBLE},
      </if>
      <if test="addAgentName != null" >
        add_agent_name = #{addAgentName,jdbcType=VARCHAR},
      </if>
      <if test="addAgentId != null" >
        add_agent_id = #{addAgentId,jdbcType=INTEGER},
      </if>
    </set>
    where id = #{id,jdbcType=INTEGER}
  </update>
  <update id="updateByPrimaryKey" parameterType="com.pk10.bean.MoneyAddRecord" >
    update money_add_record
    set user_id = #{userId,jdbcType=INTEGER},
      add_time = #{addTime,jdbcType=TIMESTAMP},
      add_money = #{addMoney,jdbcType=DOUBLE},
      add_agent_name = #{addAgentName,jdbcType=VARCHAR},
      add_agent_id = #{addAgentId,jdbcType=INTEGER},
      user_name = #{userName,jdbcType=VARCHAR}
    where id = #{id,jdbcType=INTEGER}
  </update>

  <select id="getMoneyAddRecordList" resultMap="BaseResultMap">
    SELECT * FROM money_add_record WHERE add_time BETWEEN #{startTime} and #{endTime} and user_id=#{curUserId}
  </select>

  <select id="findByTimeBetween" resultMap="BaseResultMap">
    SELECT * FROM money_add_record WHERE add_time between #{startTime} and #{endTime}
  </select>

  <select id="findByIdAndTime" resultMap="BaseResultMap">
    SELECT * FROM money_add_record WHERE user_id=#{userId}
    <if test="startTime != 'null' and endTime != 'null' " >
      and add_time between #{startTime} and #{endTime}
    </if>

  </select>

  <select id="findByAgentIdAndTime" resultMap="BaseResultMap">
    SELECT * FROM money_add_record WHERE add_agent_id=#{curAgentId}
    <if test="startTime != 'null' and endTime != 'null' " >
      and add_time between #{startTime} and #{endTime}
    </if>

  </select>
</mapper>