<?xml version="1.0" encoding="UTF-8"?>
<!DOCTYPE mapper PUBLIC "-//mybatis.org//DTD Mapper 3.0//EN" "http://mybatis.org/dtd/mybatis-3-mapper.dtd">
<mapper namespace="com.pk10.dao.UserBetDao">
	<resultMap type="com.pk10.bean.UserBet" id="UserBet">
		<result column="id" property="id" />
		<result column="idnum" property="idnum" />
		<result column="type" property="type" />
		<result column="betmoney" property="betmoney" />
		<result column="odds" property="odds" />
		<result column="mulit" property="mulit" />
		<result column="betnum" property="betnum" />
		<result column="createdAt" property="createdAt" />
		<result column="userid" property="userid" />
		<result column="balance" property="balance" />
		<result column="state" property="state" />
	</resultMap>

	<select id="getBetsByUserId" parameterType="int" resultMap="UserBet">
		SELECT * FROM userbet WHERE userid = #{userid} order by createdAt desc
	</select>

	<insert id="save" parameterType="com.pk10.bean.UserBet">
		insert into
		userbet(id,idnum,type,betmoney,odds,mulit,betnum,createdAt,userid,balance,crashbalance)
		values(#{id},#{idnum},#{type},#{betmoney},#{odds},#{mulit},#{betnum},#{createdAt},#{userid},#{balance},#{crashbalance})
	</insert>

	<insert id="saveList" parameterType="list">
		insert into
		userbet(id,idnum,type,betmoney,odds,mulit,betnum,createdAt,userid,balance,crashbalance)
		values
		<foreach collection="list" item="item" separator=",">
			(#{item.id},#{item.idnum},#{item.type},#{item.betmoney},#{item.odds},#{item.mulit},#{item.betnum},#{item.createdAt},#{item.userid},#{item.balance},#{item.crashbalance})
		</foreach>
	</insert>

	<update id="update" parameterType="com.pk10.bean.UserBet">
		update userbet set state =
		1,result=#{result},crashbalance=#{crashbalance}
		where id = #{id}
	</update>

	<select id="getAll" resultMap="UserBet">
		select * from userbet order by
		createdAt desc
	</select>

	<select id="getOneById" parameterType="com.pk10.bean.UserBet"
		resultMap="UserBet">
		select * from userbet ub where ub.id = #{id}
	</select>

	<select id="getOneByIdnum" resultType="com.pk10.bean.UserBet">
		select * from userbet ub
		where ub.id = #{idnum}
	</select>

	<select id="getUserBetByOpenid" parameterType="com.pk10.bean.UserInfo"
		resultMap="UserBet">
		select * from userbet ub where
		ub.userid = #{id} order by
		createdAt
	</select>
	<!-- 获取指定用户未兑奖的订单 -->
	<select id="getUnCashPrize" parameterType="com.pk10.bean.UserInfo"
		resultMap="UserBet">
		select * from userbet ub where
		ub.userid =
		#{id} and
		ub.state =
		0
	</select>
	<select id="getlastBets" resultMap="UserBet">
		<choose>
			<when test="idnum != null">
				select * from pk10.userbet where idnum = #{idnum} and
				state = 0
			</when>
			<otherwise>
				select * from pk10.userbet ub ,(select max(idnum) max from
				pk10.userbet) mub where ub.idnum = mub.max and state = 0
			</otherwise>
		</choose>
	</select>
	<select id="getRecentlyBets" resultMap="UserBet">
		select *
		from userbet where userid = #{userid} order by idnum desc
		limit
		<choose>
			<when test="limit">#{limit}</when>
			<otherwise>100</otherwise>
		</choose>
	</select>

	<select id="getBetsByIdnum" resultMap="UserBet" parameterType="integer">
		SELECT * FROM userbet WHERE
		<if test="userid != null">
			userid = #{userid} and
		</if>
		idnum=#{idnum} order by createdAt desc
	</select>

	<delete id="deleteOneById" parameterType="com.pk10.bean.UserBet">
		delete from userbet
		where id = #{id}
	</delete>

	<select id="getBetList" resultMap="UserBet">
		SELECT * FROM userbet WHERE
		createdAt BETWEEN #{startTime} and #{endTime}
		and userid=#{curUserId}
	</select>

	<select id="findByBetweenIdnum" resultMap="UserBet">
		SELECT * FROM userbet
		<where>
			<if test="uid != 0">
				userid=#{uid}
			</if>
			<if test="startIdnum != 0 and endIdnum != 0">
				and idnum BETWEEN #{startIdnum} and #{endIdnum} order by createdAt desc
			</if>
		</where>
	</select>
</mapper>