<?xml version="1.0" encoding="UTF-8"?>
<!DOCTYPE mapper PUBLIC "-//mybatis.org//DTD Mapper 3.0//EN" "http://mybatis.org/dtd/mybatis-3-mapper.dtd">
<mapper namespace="com.pk10.dao.UserInfoDao">
	<resultMap type="com.pk10.bean.UserInfo" id="UserInfo">
		<result column="id" property="id" />
		<result column="username" property="username" />
		<result column="password" property="password" />
		<result column="money" property="money" />
		<result column="createdAt" property="createdAt" />
		<result column="tel" property="tel" />
		<result column="isagent" property="isagent" />
		<result column="rebate" property="rebate" />
		<result column="owner" property="owner" />
		<result column="owner_username" property="ownerUsername" />
		<result column="openid" property="openid" />
		<result column="nickname" property="nickname" />
		<result column="detail" property="detail" />
	</resultMap>

	<resultMap type="com.pk10.bean.AgentInfo" id="AgentInfo">
		<result column="id" property="id" />
		<result column="username" property="username" />
		<result column="openid" property="openid" />
		<result column="nickname" property="nickname" />
		<result column="money" property="money" />
		<result column="createdAt" property="createdAt" />
		<result column="isagent" property="isagent" />
		<result column="rebate" property="rebate" />
		<result column="detail" property="detail" />
	</resultMap>


	<insert id="save" parameterType="com.pk10.bean.UserInfo"
		flushCache="true">
		insert into
		userinfo(openid,nickname,money,createdAt,username,password,tel,isagent,rebate,owner,owner_username, detail)
		values(#{openid},#{nickname},#{money},#{createdAt},#{username},#{password},#{tel},#{isagent},#{rebate},
		#{owner}, #{ownerUsername}, #{detail})
	</insert>

	<insert id="saveAgent" parameterType="com.pk10.bean.AgentInfo" flushCache="true">
		insert into userinfo(openid,nickname,money,createdAt,username,password,tel,isagent,rebate,detail)
		values(#{openid},#{nickname},#{money},#{createdAt},#{username},#{password},#{tel},#{isagent},#{rebate},#{detail})
	</insert>


	<update id="update" parameterType="com.pk10.bean.UserInfo"
		flushCache="true">
		update userinfo u set u.money = #{money},u.nickname
		=#{nickname},username=#{username},password=#{password},tel=#{tel},isagent=#{isagent},rebate=#{rebate},
		owner=#{owner}, owner_username=#{ownerUsername},detail=#{detail}
		where u.id = #{id}
	</update>

	<update id="updateAgentByPrimaryKeySelective" parameterType="com.pk10.bean.AgentInfo" >
		update userinfo
		<set >
			<if test="money != null" >
				money = #{money,jdbcType=DOUBLE},
			</if>
			<if test="nickname != null" >
				nickname = #{nickname,jdbcType=VARCHAR},
			</if>
			<if test="username != null" >
				username = #{username,jdbcType=VARCHAR},
			</if>
			<if test="tel != null" >
				tel = #{tel,jdbcType=VARCHAR},
			</if>
			<if test="isagent != null" >
				isagent = #{isagent,jdbcType=INTEGER},
			</if>
			<if test="rebate != null" >
				rebate = #{rebate,jdbcType=DOUBLE},
			</if>
			<if test="detail != null" >
				detail = #{detail,jdbcType=VARCHAR},
			</if>
		</set>
		where id = #{id,jdbcType=INTEGER}
	</update>


	<select id="getAll" resultMap="UserInfo">
		select
		id,openid,nickname,money,createdAt,username,password,tel,isagent,rebate,owner, owner_username,detail
		from userinfo
		WHERE isagent = 0 ORDER BY createdAt DESC
	</select>

	<select id="getOneById" resultMap="UserInfo">
		select
		id,openid,nickname,money,createdAt,username,password,tel,isagent,rebate,owner, owner_username,detail from userinfo
		u where u.id = #{id}
	</select>

	<select id="getUserInfoByTel" parameterType="com.pk10.bean.UserInfo"
		resultMap="UserInfo">
		select
		id,openid,nickname,money,createdAt,username,password,tel,isagent,rebate,owner, owner_username,detail from userinfo
		u where u.tel = #{tel}
	</select>
	<select id="getUserUsername" parameterType="com.pk10.bean.UserInfo"
			resultMap="UserInfo">
		select
		id,openid,nickname,money,createdAt,username,password,tel,isagent,rebate,owner, owner_username,detail from userinfo
		u where u.username = #{username}
	</select>
	<select id="login" parameterType="com.pk10.bean.UserInfo"
		resultMap="UserInfo">
		select
		id,openid,nickname,money,createdAt,username,password,tel,isagent,rebate,owner, owner_username,detail from userinfo
		u where u.username = #{username} and
		u.password = #{password}
	</select>
	<select id="managerLogin" parameterType="com.pk10.bean.UserInfo"
		resultMap="UserInfo">
		select
		id,openid,nickname,money,createdAt,username,password,tel,isagent,rebate,owner, owner_username,detail from userinfo
		u where u.username = #{username} and
		u.password = #{password} and
		u.isagent != 0
	</select>
	<select id="getUserInfoByUsername" parameterType="com.pk10.bean.UserInfo"
		resultMap="UserInfo">
		select * from userinfo u where u.username = #{username}
	</select>

	<select id="getAllAgent" resultMap="AgentInfo" parameterType="com.pk10.bean.AgentInfo">
		select id,openid,nickname,money,createdAt,username,password,tel,rebate ,isagent,detail
		from userinfo u WHERE  u.isagent = #{isagent,jdbcType=INTEGER} ORDER BY createdAt DESC
	</select>

	<select id="getAgentById" parameterType="com.pk10.bean.AgentInfo" resultMap="AgentInfo">
		select id,openid,nickname,money,createdAt,username,password,tel,rebate ,isagent,detail from userinfo u WHERE  u.id = #{id,jdbcType=INTEGER}
	</select>

	<select id="getUsersForAgent" parameterType="com.pk10.bean.UserInfo" resultMap="UserInfo">
		select * from userinfo u WHERE  u.owner = #{owner,jdbcType=INTEGER}
	</select>
	<select id="getAgentsById" resultMap="UserInfo" parameterType="integer">
		SELECT * FROM userinfo
		WHERE isagent = #{id}
	</select>

	<select id="getAgentsByOwnerId" resultMap="UserInfo" parameterType="integer">
		SELECT * FROM userinfo
		WHERE owner = #{ownerId}
	</select>
	<select id="getUsersByAgentId" resultMap="UserInfo">
		SELECT * FROM userinfo
		<where>
			<if test="agentId != 0">
				owner = #{agentId}
			</if>
			<if test="!username.equals('null')">
				and username like concat('%', #{username}, '%') and isagent=0
			</if>
		</where>
	</select>


	<delete id="deleteOneById" parameterType="com.pk10.bean.UserInfo">
		delete from userinfo
		where id = #{id}
	</delete>

</mapper>